"tahun","total_penjualan","rata2_penjualan"
"2010","2288886120.41","1059669.500189814815"
"2011","2448200007.35","1046239.319380341880"
"2012","2000132859.35","1033660.392428940568"
